<?xml version='1.0' encoding='UTF-8'?>  
<!DOCTYPE hibernate-configuration PUBLIC  
          "-//Hibernate/Hibernate Configuration DTD 3.0//EN"  
          "http://hibernate.sourceforge.net/hibernate-configuration-3.0.dtd">

<hibernate-configuration>

	<session-factory>
		<property name="connection.url">jdbc:mysql://localhost/test</property>

		<property name="connection.driver_class">com.mysql.jdbc.Driver</property>
		<property name="hibernate.connection.username">
			root
		</property>
		<property name="hibernate.connection.password">
			admin1
		</property>
		<property name="hibernate.dialect">
			org.hibernate.dialect.MySQL5Dialect
		</property>
		<property name="hbm2ddl.auto">update</property>
		<mapping resource="employeedetails.hbm.xml" />
	</session-factory>

</hibernate-configuration>  